{"cameraMode":{"drawMode":0,"name":"Shaded","section":"Shading Mode"},"sceneLighting":true,"audioPlay":false,"sceneViewState":{"m_AlwaysRefresh":false,"showFog":true,"showSkybox":true,"showFlares":true,"showImageEffects":true,"showParticleSystems":true,"showVisualEffectGraphs":true,"m_FxEnabled":true},"in2DMode":false,"pivot":{"x":0.6254035830497742,"y":1.4087409973144532,"z":-1.1592698097229005},"rotation":{"x":-0.0991235002875328,"y":0.021489113569259645,"z":-0.002140600699931383,"w":-0.9948425889015198},"size":3.2186944484710695,"orthographic":false}